{"number_episodes": 8, "episode_rewards": [688.4999999999357, 580.2898089171842, 851.0999999999757, 740.3529914529538, 733.9999999999505, 901.899999999983, 274.54776119403056, 773.5999999999525], "mean_all_episodes": 693.0363201954958, "std_all_episodes": 182.64740231588218}