{"episode_rewards": [846.0279461279312, 901.9999999999839, 908.2999999999919, 733.23333333332, 901.8999999999876], "mean": 858.292255892243, "std": 66.48747869711119}