{"number_episodes": 1, "episode_rewards": [688.4999999999357], "mean_all_episodes": 688.4999999999357, "std_all_episodes": 0.0}