{"number_episodes": 3, "episode_rewards": [688.4999999999357, 580.2898089171842, 851.0999999999757], "mean_all_episodes": 706.6299363056986, "std_all_episodes": 111.29857992928382}