{"number_episodes": 16, "episode_rewards": [688.4999999999357, 580.2898089171842, 851.0999999999757, 740.3529914529538, 733.9999999999505, 901.899999999983, 274.54776119403056, 773.5999999999525, 780.4983606557116, 888.3999999999813, 699.1776397514955, 878.8999999999911, 891.19999999999, 875.199999999981, 204.70000000000152, 706.1999999999432], "mean_all_episodes": 716.7854101231914, "std_all_episodes": 201.45625668644354}