{"number_episodes": 6, "episode_rewards": [688.4999999999357, 580.2898089171842, 851.0999999999757, 740.3529914529538, 733.9999999999505, 901.899999999983], "mean_all_episodes": 749.3571333949972, "std_all_episodes": 105.05966881288705}